%time,field.layout.data_offset,field.data0,field.data1
1547109875584831061,0,99.9187698364,0.423684209585
1547109875590961290,0,99.8781967163,0.113157898188
1547109875597386994,0,99.7202987671,0.113157898188
1547109875604060976,0,99.9187698364,-0.394736856222
1547109875611262703,0,99.8398284912,-0.394736856222
1547109875617728733,0,99.7587661743,-0.255263149738
1547109875624501820,0,99.7992935181,-0.0210526324809
1547109875630883057,0,99.7992935181,-0.0210526324809
1547109875637981586,0,99.6798171997,0.0894736871123
1547109875644329407,0,99.6798171997,0.292105257511
1547109875651462234,0,99.7992935181,0.292105257511
1547109875657602698,0,99.9187698364,0.078947365284
1547109875664244374,0,99.7202987671,0.078947365284
1547109875670765455,0,99.7202987671,0.263157904148
1547109875677869046,0,99.8398284912,0.168421059847
1547109875684929961,0,99.7992935181,0.168421059847
1547109875691122021,0,99.6798171997,-0.0289473682642
1547109875697574385,0,99.7992935181,0.0526315793395
1547109875704663214,0,99.7992935181,0.0526315793395
1547109875712107927,0,99.9187698364,-0.189473688602
1547109875717649343,0,99.7992935181,-0.139473691583
1547109875724655450,0,99.7992935181,-0.139473691583
1547109875730988343,0,99.7992935181,-0.123684212565
1547109875737393053,0,99.7992935181,-0.123684212565
1547109875745008563,0,99.7992935181,0.244736835361
1547109875751062229,0,99.7202987671,0.247368425131
1547109875757411789,0,99.7992935181,0.247368425131
1547109875764494541,0,99.6798171997,0.360526323318
1547109875770801700,0,99.7992935181,0.123684212565
1547109875777391362,0,99.7992935181,0.123684212565
1547109875784212231,0,99.7202987671,-0.0236842110753
1547109875791301500,0,99.7992935181,-0.0236842110753
1547109875798833863,0,99.8398284912,-0.110526315868
1547109875804761168,0,99.7992935181,-0.00526315812021
1547109875811050453,0,99.7992935181,-0.00526315812021
1547109875817570096,0,99.7587661743,-0.121052630246
1547109875824591897,0,99.6798171997,0.184210523963
1547109875831300504,0,99.7992935181,0.184210523963
1547109875837825494,0,99.7992935181,0.139473691583
1547109875844152610,0,99.8398284912,-0.0842105299234
1547109875851153918,0,99.7992935181,-0.0842105299234
1547109875858077149,0,99.6393432617,-0.228947371244
1547109875864413709,0,99.8398284912,-0.228947371244
1547109875870898905,0,99.8398284912,-0.118421055377
1547109875877582722,0,99.9187698364,-0.0684210509062
1547109875884414278,0,99.6798171997,-0.0684210509062
1547109875890759966,0,99.7992935181,-0.194736838341
1547109875897641683,0,99.8398284912,-0.226315796375
1547109875904376246,0,99.7992935181,-0.226315796375
1547109875912015088,0,99.6798171997,-0.221052631736
1547109875917675560,0,99.7992935181,-0.221052631736
1547109875924833326,0,99.7202987671,-0.281578958035
1547109875930853712,0,99.8398284912,-0.292105257511
1547109875937455153,0,99.9593582153,-0.292105257511
1547109875944114004,0,99.7992935181,-0.0263157896698
1547109875950810109,0,99.7992935181,-0.0631578937173
1547109875957668815,0,99.8398284912,-0.0631578937173
1547109875964685441,0,99.7992935181,-0.107894733548
1547109875971005405,0,99.8398284912,0.00526315812021
1547109875977334567,0,99.6798171997,0.00526315812021
1547109875984680907,0,99.5603408813,0.0868421047926
1547109875990976570,0,99.6798171997,0.0868421047926
1547109875997505009,0,99.6798171997,0.292105257511
1547109876004388432,0,99.9593582153,0.0342105254531
1547109876010772972,0,99.6798171997,0.0342105254531
1547109876017670853,0,99.8398284912,-0.315789461136
1547109876024445909,0,99.9187698364,-0.392105251551
1547109876031264097,0,99.9187698364,-0.392105251551
1547109876037600452,0,99.9187698364,-0.0684210509062
1547109876044615159,0,99.7587661743,0.0684210509062
1547109876050885109,0,99.6798171997,0.0684210509062
1547109876057809727,0,99.7992935181,-0.0763157904148
1547109876064712331,0,99.8398284912,-0.0763157904148
1547109876071526813,0,99.6798171997,-0.173684209585
1547109876077661600,0,99.8398284912,0.0500000007451
1547109876084127409,0,99.7202987671,0.0500000007451
1547109876091427731,0,99.6798171997,-0.257894724607
1547109876097566837,0,99.7992935181,0.197368428111
1547109876104568630,0,99.7992935181,0.197368428111
1547109876110898829,0,99.8398284912,-0.0236842110753
1547109876117777136,0,99.7992935181,-0.0236842110753
1547109876124195543,0,99.7992935181,-0.136842101812
1547109876131215920,0,99.7587661743,0.00263157906011
1547109876140546284,0,99.7587661743,0.207894742489
1547109876144639480,0,99.7587661743,0.207894742489
1547109876150759353,0,99.7202987671,0.0184210520238
1547109876157463067,0,99.7202987671,0.0184210520238
1547109876164607912,0,99.7992935181,-0.344736844301
1547109876170766766,0,99.7202987671,-0.449999988079
1547109876177425314,0,99.6798171997,-0.449999988079
1547109876184156995,0,99.7992935181,-0.284210532904
1547109876190700709,0,99.8398284912,-0.284210532904
1547109876197974083,0,99.8398284912,-0.184210523963
1547109876204463842,0,99.6393432617,-0.184210523963
1547109876211099693,0,99.6798171997,-0.184210523963
1547109876217776402,0,99.7587661743,-0.0947368443012
1547109876224380734,0,99.880355835,0.0815789476037
1547109876230774121,0,99.7992935181,0.0815789476037
1547109876237773857,0,99.7587661743,-0.00789473671466
1547109876244177985,0,99.7992935181,-0.00789473671466
1547109876251043516,0,99.8398284912,0.105263158679
1547109876257602048,0,99.6798171997,0.113157898188
1547109876264251938,0,99.7202987671,0.113157898188
1547109876270765607,0,99.7992935181,0.0526315793395
1547109876277753540,0,99.9593582153,0.14736841619
1547109876284281172,0,99.8398284912,0.14736841619
1547109876291380638,0,99.8398284912,-0.181578949094
1547109876297553731,0,99.7992935181,0.0526315793395
1547109876304048316,0,99.6798171997,0.0526315793395
1547109876311161424,0,99.7202987671,-0.0105263162404
1547109876318011304,0,99.7992935181,-0.0105263162404
1547109876324068596,0,99.8398284912,-0.0342105254531
1547109876331151894,0,99.7992935181,0.305263161659
1547109876337652894,0,99.7992935181,0.305263161659
1547109876344099375,0,99.7992935181,0.405263155699
1547109876350691922,0,99.880355835,0.389473676682
1547109876357447055,0,99.6798171997,0.389473676682
1547109876364477779,0,99.6393432617,0.442105263472
1547109876371169737,0,99.6798171997,0.442105263472
1547109876377639393,0,99.8398284912,0.234210520983
1547109876384235716,0,99.7992935181,0.136842101812
1547109876390753940,0,99.7992935181,0.136842101812
1547109876397649888,0,99.7992935181,0.0368421040475
1547109876404119835,0,99.9999313354,0.055263157934
1547109876410719509,0,99.9187698364,0.055263157934
1547109876417358190,0,99.7202987671,-0.00789473671466
1547109876424666893,0,99.8398284912,0.0605263151228
1547109876431365418,0,99.9593582153,0.0605263151228
1547109876437677284,0,99.6393432617,0.0342105254531
1547109876444241717,0,99.9187698364,0.0342105254531
1547109876451084890,0,99.9187698364,-0.055263157934
1547109876457356049,0,99.9187698364,-0.0368421040475
1547109876464054772,0,99.9187698364,-0.0368421040475
1547109876471182623,0,99.7992935181,-0.286842107773
1547109876477806613,0,99.7992935181,-0.039473682642
1547109876484321061,0,99.7202987671,-0.039473682642
1547109876491058570,0,99.7992935181,0.357894748449
1547109876497604966,0,99.9593582153,0.357894748449
1547109876504319054,0,99.9187698364,0.534210503101
1547109876510768425,0,99.7992935181,0.0947368443012
1547109876517757082,0,99.6798171997,0.0947368443012
1547109876524033242,0,99.7992935181,0.105263158679
1547109876530811818,0,99.8398284912,0.323684215546
1547109876537884043,0,99.7587661743,0.323684215546
1547109876544684628,0,99.7992935181,0.0842105299234
1547109876551060955,0,99.8398284912,0.0368421040475
1547109876557407455,0,99.7992935181,0.0368421040475
1547109876564345214,0,99.6798171997,0.176315784454
1547109876570990255,0,99.8398284912,0.176315784454
1547109876578250554,0,99.6798171997,0.165789470077
1547109876585122659,0,99.9187698364,0.273684203625
1547109876591633152,0,99.7992935181,0.273684203625
1547109876597552503,0,99.9593582153,0.25
1547109876604233681,0,99.8398284912,0.328947365284
1547109876611838510,0,99.6798171997,0.328947365284
1547109876617565301,0,99.8398284912,0.418421059847
1547109876624368372,0,99.8398284912,0.471052616835
1547109876630814351,0,99.6393432617,0.471052616835
1547109876638063054,0,99.7992935181,0.628947377205
1547109876644891232,0,99.7992935181,0.628947377205
1547109876651026043,0,99.6798171997,0.218421056867
1547109876657408081,0,99.7992935181,-0.260526329279
1547109876664445741,0,99.8398284912,-0.260526329279
1547109876671105014,0,99.9999313354,-0.510526299477
1547109876677461294,0,99.8398284912,0.144736841321
1547109876684623971,0,99.8398284912,0.144736841321
1547109876690758165,0,99.8398284912,0.115789473057
1547109876697558790,0,99.8398284912,0.115789473057
1547109876704820358,0,99.7992935181,-0.207894742489
1547109876710922305,0,99.8781967163,-0.310526311398
1547109876717532770,0,99.8781967163,-0.310526311398
1547109876724390038,0,99.8398284912,0.218421056867
1547109876731181318,0,99.7992935181,-0.431578934193
1547109876737411184,0,99.8398284912,-0.431578934193
1547109876744242873,0,99.6798171997,-0.207894742489
1547109876751074184,0,99.8398284912,0.221052631736
1547109876757718789,0,99.9187698364,0.221052631736
1547109876764292318,0,99.9187698364,0.142105266452
1547109876770734405,0,99.8398284912,0.142105266452
1547109876777524657,0,99.7587661743,-0.0210526324809
1547109876784719962,0,99.7587661743,-0.215789467096
1547109876791010354,0,99.8398284912,-0.215789467096
1547109876797820905,0,99.7992935181,-0.0447368435562
1547109876804311479,0,99.6798171997,-0.0763157904148
1547109876810859708,0,99.8398284912,-0.0763157904148
1547109876818244888,0,99.7992935181,-0.0763157904148
1547109876824481314,0,99.7992935181,0.186842098832
1547109876830916413,0,99.7992935181,0.128947362304
1547109876837429214,0,99.7587661743,0.171052634716
1547109876844126193,0,99.9187698364,0.171052634716
1547109876850773054,0,99.7992935181,0.163157895207
1547109876857533249,0,99.7992935181,0.192105263472
1547109876864173828,0,99.9187698364,0.192105263472
1547109876871589856,0,99.7992935181,-0.142105266452
1547109876878201081,0,99.8781967163,-0.142105266452
1547109876884962732,0,99.8398284912,-0.0763157904148
1547109876890747418,0,99.9593582153,-0.0815789476037
1547109876897669605,0,99.8398284912,-0.0815789476037
1547109876904145348,0,99.7587661743,-0.055263157934
1547109876911291352,0,99.7587661743,-0.157894730568
1547109876917505421,0,99.7587661743,-0.157894730568
1547109876924041161,0,99.6798171997,0.115789473057
1547109876930751910,0,99.7587661743,0.115789473057
1547109876937671875,0,99.7202987671,0.0421052649617
1547109876944329516,0,99.7202987671,-0.15000000596
1547109876951178480,0,99.7992935181,-0.15000000596
1547109876957471713,0,99.9187698364,0.134210526943
1547109876964311661,0,99.9187698364,0.268421053886
1547109876970794860,0,99.7587661743,0.268421053886
1547109876977397413,0,99.9187698364,0.228947371244
1547109876985011174,0,99.9187698364,0.228947371244
1547109876991102091,0,99.7992935181,0.0763157904148
1547109876997530598,0,99.7587661743,0.078947365284
1547109877004035036,0,99.9187698364,0.186842098832
1547109877011506420,0,99.9593582153,0.186842098832
1547109877017726432,0,99.6798171997,0.0236842110753
1547109877024690983,0,99.8398284912,0.0236842110753
1547109877030844112,0,99.7992935181,-0.126315787435
1547109877037731095,0,99.7992935181,-0.110526315868
1547109877044214350,0,99.8398284912,-0.110526315868
1547109877051338891,0,99.8781967163,-0.144736841321
1547109877058900862,0,99.8781967163,-0.144736841321
1547109877064665578,0,99.7607727051,0.105263158679
1547109877071025604,0,99.7992935181,0.105263158679
1547109877077482810,0,99.7992935181,-0.223684206605
1547109877084297060,0,99.7992935181,-0.0921052619815
1547109877090934975,0,99.7202987671,-0.260526329279
1547109877097448173,0,99.8398284912,-0.260526329279
1547109877104188548,0,99.7202987671,-0.247368425131
1547109877111598969,0,99.7992935181,-0.247368425131
1547109877117556848,0,99.7992935181,0.14736841619
1547109877124585799,0,99.9593582153,0.105263158679
1547109877131352224,0,99.9593582153,0.105263158679
1547109877137536321,0,99.7992935181,-0.102631576359
1547109877144598662,0,99.9187698364,-0.102631576359
1547109877150932772,0,99.7202987671,0.0342105254531
1547109877157502943,0,99.8398284912,0.065789476037
1547109877164050449,0,99.6798171997,0.065789476037
1547109877170744789,0,99.9593582153,0.30263158679
1547109877177687939,0,99.7992935181,0.15000000596
1547109877184411910,0,99.8398284912,0.15000000596
1547109877190914817,0,99.9593582153,-0.210526317358
1547109877197409005,0,99.9593582153,-0.00789473671466
1547109877204312770,0,99.7992935181,-0.00789473671466
1547109877210615076,0,99.9187698364,0.0684210509062
1547109877217733473,0,99.9187698364,0.113157898188
1547109877224693239,0,99.8398284912,0.113157898188
1547109877230935089,0,99.8398284912,-0.136842101812
1547109877237885635,0,99.9187698364,-0.136842101812
1547109877244398228,0,99.8398284912,0.236842110753
1547109877250959695,0,99.8398284912,0.168421059847
1547109877257683340,0,99.7992935181,0.168421059847
1547109877264046701,0,99.7992935181,-0.00526315812021
1547109877271078715,0,99.8398284912,-0.00526315812021
1547109877277434639,0,99.7202987671,-0.284210532904
1547109877284249570,0,99.7992935181,0.142105266452
1547109877291053585,0,99.7992935181,0.44736841321
1547109877297830342,0,99.8398284912,0.44736841321
1547109877304562275,0,99.8398284912,0.30263158679
1547109877311342622,0,99.7992935181,0.30263158679
1547109877317909019,0,99.6798171997,0.265789479017
1547109877324177416,0,99.6798171997,0.126315787435
1547109877330768538,0,99.9187698364,0.126315787435
1547109877337446803,0,99.7992935181,-0.163157895207
1547109877344797362,0,99.7587661743,-0.0763157904148
1547109877350909694,0,99.9187698364,-0.0763157904148
1547109877357933135,0,99.9187698364,-0.30263158679
1547109877364115226,0,99.7992935181,-0.30263158679
1547109877371223285,0,99.8398284912,-0.418421059847
1547109877378011083,0,99.7992935181,-0.113157898188
1547109877384221703,0,99.7992935181,-0.113157898188
1547109877390764393,0,99.7202987671,-0.30263158679
1547109877397392943,0,99.7992935181,-0.065789476037
1547109877404346638,0,99.7992935181,-0.065789476037
1547109877411463970,0,99.7992935181,0.265789479017
1547109877417937057,0,99.880355835,0.265789479017
1547109877424395938,0,99.8398284912,0.284210532904
1547109877430802043,0,99.9187698364,0.173684209585
1547109877437494472,0,99.7992935181,0.173684209585
1547109877444282964,0,99.880355835,0.371052622795
1547109877451057598,0,99.9187698364,0.00789473671466
1547109877457703733,0,99.9187698364,0.00789473671466
1547109877464370470,0,99.6798171997,-0.234210520983
1547109877471129024,0,99.7992935181,-0.213157892227
1547109877477566565,0,99.8398284912,-0.213157892227
1547109877484526416,0,99.8398284912,0.0842105299234
1547109877491427441,0,99.7992935181,0.0842105299234
1547109877497481899,0,99.7992935181,-0.065789476037
1547109877504145454,0,99.7202987671,-1.92894732952
1547109877512524518,0,99.8398284912,-1.92894732952
1547109877517871594,0,99.8398284912,-4.17631578445
1547109877524754572,0,99.9187698364,-4.17631578445
1547109877530964005,0,99.9593582153,-5.55000019073
1547109877537885624,0,99.9187698364,-7.03684186935
1547109877544515313,0,99.9187698364,-7.03684186935
1547109877551145134,0,99.9187698364,-7.98684215546
1547109877557450795,0,99.9593582153,-8.05263137817
1547109877564296895,0,99.9593582153,-8.05263137817
1547109877571380122,0,99.7992935181,-8.52631568909
1547109877578265022,0,100.038246155,-9.4078950882
1547109877584031824,0,100.038246155,-9.4078950882
1547109877591424557,0,100.157722473,-11.9421052933
1547109877598202408,0,100.07888031,-11.9421052933
1547109877604347568,0,100.157722473,-14.5526313782
1547109877610794559,0,100.277198792,-18.023683548
1547109877617515971,0,100.39667511,-18.023683548
1547109877624992298,0,100.317932129,-21.1289482117
1547109877631064214,0,100.317932129,-24.281578064
1547109877637914434,0,100.676513672,-24.281578064
1547109877644311232,0,100.635627747,-28.273683548
1547109877651321105,0,100.874580383,-28.273683548
1547109877657499159,0,100.874580383,-33.1973686218
1547109877664740236,0,100.874580383,-38.934211731
1547109877670751303,0,101.035095215,-38.934211731
1547109877680983733,0,101.15461731,-45.0263175964
1547109877684483745,0,101.11353302,-50.3105278015
1547109877690781653,0,101.07244873,-50.3105278015
1547109877697797697,0,101.233009338,-54.6578941345
1547109877704217238,0,101.352485657,-54.6578941345
1547109877710619271,0,101.352485657,-57.9289474487
1547109877717906886,0,101.352485657,-60.8368415833
1547109877724560599,0,101.352485657,-60.8368415833
1547109877730984286,0,101.591430664,-63.7236824036
1547109877737686982,0,101.471961975,-63.7236824036
1547109877744634879,0,101.55015564,-66.3394699097
1547109877750886465,0,101.632720947,-68.8315811157
1547109877757619625,0,101.55015564,-71.0815811157
1547109877764978134,0,101.752243042,-71.0815811157
1547109877771001880,0,101.752243042,-74.3078918457
1547109877777617779,0,101.871765137,-74.3078918457
1547109877785247109,0,101.871765137,-77.565788269
1547109877791347707,0,101.949859619,-80.0815811157
1547109877797625476,0,102.069335938,-80.0815811157
1547109877804519847,0,102.069335938,-82.121055603
1547109877810701283,0,102.188812256,-84.8868408203
1547109877817662530,0,102.23034668,-84.8868408203
1547109877824106563,0,102.266708374,-87.4763183594
1547109877830858206,0,102.427764893,-87.4763183594
1547109877838104019,0,102.427764893,-89.5421066284
1547109877844340456,0,102.547241211,-91.7973709106
1547109877851226735,0,102.786193848,-91.7973709106
1547109877857744063,0,102.786193848,-95.5394744873
1547109877864113103,0,102.786193848,-99.781578064
1547109877870812987,0,102.905670166,-99.781578064
1547109877877868826,0,103.108917236,-104.905265808
1547109877884221718,0,103.025146484,-104.905265808
1547109877891013581,0,103.306091309,-109.673683167
1547109877898430975,0,103.264099121,-113.949996948
1547109877904537932,0,103.341537476,-113.949996948
1547109877910958926,0,103.622528076,-118.847366333
1547109877917430168,0,103.784194946,-123.671051025
1547109877924158077,0,104.065536499,-123.671051025
1547109877930768128,0,104.065536499,-128.578948975
1547109877938111638,0,104.10043335,-133.489471436
1547109877944327146,0,104.10043335,-133.489471436
1547109877950837822,0,104.219909668,-138.423690796
1547109877957458637,0,104.458854675,-138.423690796
1547109877966106259,0,104.458854675,-142.597366333
1547109877970720300,0,104.697799683,-146.552627563
1547109877977296818,0,104.859924316,-146.552627563
1547109877984480431,0,104.936752319,-150.344741821
1547109877991154274,0,104.936752319,-154.126312256
1547109877997614880,0,105.175704956,-154.126312256
1547109878004641819,0,105.175704956,-157.384216309
1547109878011232413,0,105.252349854,-157.384216309
1547109878017553751,0,105.252349854,-160.726318359
1547109878024321097,0,105.414657593,-163.79473877
1547109878030803203,0,105.457557678,-163.79473877
1547109878037801084,0,105.653610229,-167.276321411
1547109878044175761,0,105.653610229,-170.473678589
1547109878051018982,0,105.739593506,-170.473678589
1547109878058012299,0,105.816131592,-172.542098999
1547109878064568925,0,105.859176636,-172.542098999
1547109878070848925,0,105.935668945,-175.371047974
1547109878077473066,0,106.05519104,-178.547363281
1547109878084151728,0,106.174713135,-178.547363281
1547109878091106186,0,106.174713135,-182.018417358
1547109878097539123,0,106.37046814,-185.442108154
1547109878104495662,0,106.37046814,-185.442108154
1547109878111028729,0,106.37046814,-188.278945923
1547109878117635517,0,106.489944458,-190.234207153
1547109878124442607,0,106.489944458,-190.234207153
1547109878131415114,0,106.652816772,-192.63684082
1547109878137427923,0,106.772338867,-192.63684082
1547109878144341033,0,106.772338867,-195.518417358
1547109878150879781,0,106.848373413,-199.792098999
1547109878157562336,0,107.011390686,-199.792098999
1547109878164137602,0,107.08732605,-204.652633667
1547109878171028578,0,107.174514771,-209.313156128
1547109878177622921,0,107.3699646,-209.313156128
1547109878184559701,0,107.326278687,-211.984207153
1547109878190722329,0,107.3699646,-211.984207153
1547109878198798736,0,107.326278687,-214.513153076
1547109878204286849,0,107.445755005,-216.784210205
1547109878210849965,0,107.521430969,-216.784210205
1547109878218056365,0,107.521430969,-219.313156128
1547109878224217978,0,107.684707642,-222.236846924
1547109878231473982,0,107.728546143,-222.236846924
1547109878237829467,0,107.760269165,-224.802627563
1547109878244210791,0,107.923660278,-227.034210205
1547109878250656512,0,108.131126404,-227.034210205
1547109878257745846,0,108.043136597,-229.18157959
1547109878264532077,0,108.250701904,-229.18157959
1547109878271373332,0,108.162612915,-231.392105103
1547109878277954641,0,108.162612915,-233.263153076
1547109878284221292,0,108.401565552,-233.263153076
1547109878291163208,0,108.282089233,-235.492111206
1547109878297741719,0,108.52104187,-236.439468384
1547109878304205087,0,108.565231323,-236.439468384
1547109878310744691,0,108.52104187,-237.273681641
1547109878317538190,0,108.565231323,-238.63684082
1547109878324341795,0,108.64050293,-238.63684082
1547109878330988810,0,108.64050293,-239.715789795
1547109878337480187,0,108.729011536,-239.715789795
1547109878344237206,0,108.64050293,-240.673690796
1547109878350878337,0,108.804290771,-242.050003052
1547109878357408738,0,108.759979248,-242.050003052
1547109878364385448,0,108.759979248,-243.623687744
1547109878370871740,0,108.954544067,-245.347366333
1547109878377628033,0,109.043334961,-245.347366333
1547109878384690893,0,109.043334961,-247.597366333
1547109878391263911,0,109.162857056,-247.597366333
1547109878397471117,0,109.193382263,-251.100006104
1547109878404224380,0,109.35736084,-254.836837769
1547109878410752826,0,109.476837158,-254.836837769
1547109878417377223,0,109.521438599,-258.984222412
1547109878424150792,0,109.521438599,-262.339477539
1547109878430765749,0,109.596313477,-262.339477539
1547109878437741816,0,109.596313477,-265.107879639
1547109878444199912,0,109.596313477,-267.531585693
1547109878451504551,0,109.671081543,-267.531585693
1547109878458150368,0,109.715789795,-269.323669434
1547109878464388418,0,109.760498047,-269.323669434
1547109878470778175,0,109.760498047,-270.192108154
1547109878477405113,0,109.760498047,-270.510528564
1547109878484171647,0,109.835266113,-270.510528564
1547109878490688042,0,109.954742432,-271.628936768
1547109878497434194,0,109.954742432,-272.902618408
1547109878504334224,0,109.954742432,-272.902618408
1547109878511169145,0,109.954742432,-274.868408203
1547109878518285754,0,110.163925171,-274.868408203
1547109878524336813,0,110.07421875,-277.736846924
1547109878530699775,0,110.238601685,-281.105255127
1547109878537897269,0,110.238601685,-281.105255127
1547109878544363837,0,110.193687439,-283.539459229
1547109878550721246,0,110.387641907,-286.247375488
1547109878557712409,0,110.387641907,-286.247375488
1547109878566665392,0,110.552116394,-290.457885742
1547109878571297252,0,110.552116394,-295.847381592
1547109878577507356,0,110.671592712,-295.847381592
1547109878584197495,0,110.791069031,-300.615783691
1547109878590746849,0,110.745925903,-300.615783691
1547109878597438728,0,110.745925903,-304.873687744
1547109878604255564,0,110.955757141,-307.263153076
1547109878611207995,0,110.910545349,-307.263153076
1547109878617722199,0,110.791069031,-308.402618408
1547109878624263555,0,110.791069031,-309.63684082
1547109878631367395,0,110.910545349,-309.63684082
1547109878637737024,0,110.865341187,-310.352630615
1547109878644574061,0,111.075279236,-310.352630615
1547109878650909306,0,110.910545349,-309.228942871
1547109878657711483,0,111.120536804,-308.139465332
1547109878664576369,0,111.030021667,-308.139465332
1547109878671214895,0,111.030021667,-309.052642822
1547109878677452504,0,111.194801331,-311.54473877
1547109878684490295,0,111.194801331,-311.54473877
1547109878691063247,0,111.268974304,-314.344726562
1547109878697647935,0,111.268974304,-316.502624512
1547109878704100398,0,111.433868408,-316.502624512
1547109878710845348,0,111.433868408,-317.605255127
1547109878717514260,0,111.268974304,-317.605255127
1547109878724136583,0,111.268974304,-317.105255127
1547109878730941518,0,111.268974304,-316.165802002
1547109878737465355,0,111.223625183,-316.165802002
1547109878744471439,0,111.388450623,-314.478942871
1547109878750842819,0,111.268974304,-312.707885742
1547109878757776739,0,111.388450623,-312.707885742
1547109878764131973,0,111.149497986,-310.597381592
1547109878770761127,0,111.268974304,-309.252624512
1547109878777993724,0,111.388450623,-309.252624512
1547109878784627674,0,111.343048096,-308.871063232
1547109878790996821,0,111.479263306,-308.871063232
1547109878797943143,0,111.388450623,-310.944732666
1547109878804712271,0,111.672912598,-314.213165283
1547109878810810377,0,111.672912598,-314.213165283
1547109878817392617,0,111.792434692,-318.497375488
1547109878824390324,0,111.792434692,-323.778961182
1547109878831175996,0,111.985832214,-323.778961182
1547109878839239447,0,112.031494141,-330.297363281
1547109878844301706,0,112.390068054,-330.297363281
1547109878850844773,0,112.555450439,-338.171051025
1547109878858034584,0,112.555450439,-346.384216309
1547109878864625192,0,112.583213806,-346.384216309
1547109878870667884,0,112.868179321,-353.655273438
1547109878877494599,0,112.868179321,-357.918426514
1547109878884124397,0,112.776145935,-357.918426514
1547109878890639418,0,112.868179321,-360.821044922
1547109878897871053,0,112.868179321,-361.397369385
1547109878904460437,0,112.91418457,-361.397369385
1547109878911005971,0,112.822166443,-360.56842041
1547109878917852446,0,112.868179321,-360.56842041
1547109878924736940,0,112.822166443,-358.655273438
1547109878931073966,0,112.748641968,-355.878936768
1547109878937744691,0,112.868179321,-355.878936768
1547109878944682435,0,112.822166443,-352.292114258
1547109878950989155,0,112.822166443,-349.752624512
1547109878957545855,0,112.822166443,-349.752624512
1547109878964308550,0,112.868179321,-348.194732666
1547109878971088346,0,112.868179321,-348.194732666
1547109878977514754,0,112.702690125,-346.778961182
1547109878984306930,0,112.702690125,-344.984222412
1547109878991097430,0,112.822166443,-344.984222412
1547109878997534753,0,112.822166443,-343.510528564
1547109879004088636,0,112.822166443,-343.668426514
1547109879010954711,0,113.06111908,-343.668426514
1547109879017549786,0,112.941642761,-344.744750977
1547109879028268298,0,112.987701416,-347.797363281
1547109879031269601,0,113.06111908,-347.797363281
1547109879037499942,0,113.153335571,-351.410522461
1547109879044198845,0,113.015007019,-351.410522461
1547109879050884084,0,113.300064087,-355.028961182
1547109879057579666,0,113.180595398,-358.313171387
1547109879064632671,0,113.180595398,-358.313171387
1547109879070898607,0,113.300064087,-361.586853027
1547109879077434003,0,113.419540405,-365.763153076
1547109879086515369,0,113.419540405,-365.763153076
1547109879090726132,0,113.419540405,-370.018432617
1547109879098124405,0,113.373275757,-370.018432617
1547109879104443094,0,113.539016724,-373.492095947
1547109879110928925,0,113.658493042,-378.334197998
1547109879117368779,0,113.870788574,-378.334197998
1547109879124306040,0,113.731552124,-384.623687744
1547109879131012046,0,113.824378967,-391.173675537
1547109879137436553,0,113.870788574,-391.173675537
1547109879144364211,0,113.870788574,-396.823669434
1547109879151250692,0,113.77796936,-396.823669434
1547109879157635983,0,113.824378967,-399.778961182
1547109879164940726,0,113.824378967,-400.134216309
1547109879170802891,0,113.77796936,-400.134216309
1547109879177649197,0,113.824378967,-400.644744873
1547109879184052735,0,113.77796936,-402.481567383
1547109879190679774,0,113.77796936,-402.481567383
1547109879197714991,0,113.824378967,-406.215789795
1547109879206238939,0,113.824378967,-406.215789795
1547109879211201394,0,113.77796936,-413.634216309
1547109879217528069,0,113.824378967,-424.460540771
1547109879224593671,0,113.585327148,-424.460540771
1547109879230946955,0,113.824378967,-433.11315918
1547109879237418222,0,113.704856873,-437.752624512
1547109879244062499,0,113.77796936,-437.752624512
1547109879250716480,0,113.704856873,-440.563171387
1547109879258244099,0,113.704856873,-440.989471436
1547109879264611650,0,113.824378967,-440.989471436
1547109879271026400,0,113.704856873,-440.899993896
1547109879277800953,0,113.704856873,-440.899993896
1547109879284280472,0,113.704856873,-440.463165283
1547109879291040078,0,113.585327148,-439.81842041
1547109879297673403,0,113.465805054,-439.81842041
1547109879304215399,0,113.465805054,-438.005249023
1547109879311209300,0,113.539016724,-438.005249023
1547109879317786950,0,113.658493042,-436.18157959
1547109879324240202,0,113.465805054,-434.071044922
1547109879331062870,0,113.539016724,-431.873687744
1547109879337566486,0,113.300064087,-431.873687744
1547109879344218313,0,113.300064087,-429.402618408
1547109879350898548,0,113.3462677,-429.402618408
1547109879358206024,0,113.180595398,-425.413146973
1547109879364504759,0,113.3462677,-425.413146973
1547109879371196609,0,113.300064087,-420.839477539
1547109879377535894,0,113.300064087,-416.594726562
1547109879384668653,0,113.107223511,-416.594726562
1547109879391426902,0,113.180595398,-413.365783691
1547109879397353577,0,113.300064087,-410.747375488
1547109879404062741,0,113.226745605,-410.747375488
1547109879410794127,0,113.300064087,-409.471038818
1547109879417491784,0,113.300064087,-409.707885742
1547109879424227452,0,113.3462677,-409.707885742
1547109879430905275,0,113.465805054,-411.644744873
1547109879437939865,0,113.465805054,-411.644744873
1547109879444306066,0,113.658493042,-414.586853027
1547109879451181754,0,113.539016724,-419.418426514
1547109879458040569,0,113.539016724,-419.418426514
1547109879464150380,0,113.585327148,-424.423675537
1547109879471015733,0,113.824378967,-428.889465332
1547109879478219503,0,113.77796936,-428.889465332
1547109879484765108,0,113.77796936,-428.889465332
1547109879491302102,0,113.824378967,-432.457885742
1547109879497534285,0,113.77796936,-435.989471436
1547109879504413387,0,113.77796936,-438.61315918
1547109879510939558,0,113.824378967,-440.023681641
1547109879517508396,0,113.824378967,-440.023681641
1547109879524047368,0,113.870788574,-440.018432617
1547109879531409512,0,113.77796936,-440.018432617
1547109879537923344,0,113.824378967,-439.871063232
1547109879544694259,0,113.77796936,-440.905273438
1547109879551145718,0,113.870788574,-440.905273438
1547109879557545858,0,113.943901062,-443.286834717
1547109879564158903,0,113.897445679,-443.286834717
1547109879571037583,0,113.943901062,-445.18157959
1547109879577398147,0,113.990371704,-447.423675537
1547109879584160333,0,113.897445679,-447.423675537
1547109879591532902,0,113.897445679,-449.576324463
1547109879597743464,0,113.943901062,-450.70526123
1547109879604151835,0,114.063430786,-450.70526123
1547109879611230217,0,113.897445679,-451.092102051
1547109879617612448,0,113.943901062,-451.092102051
1547109879624254960,0,113.897445679,-451.018432617
1547109879630749163,0,114.063430786,-452.276306152
1547109879637559773,0,114.016921997,-454.868408203
1547109879644592088,0,114.016921997,-454.868408203
1547109879651319235,0,114.016921997,-457.547363281
1547109879658063329,0,114.063430786,-457.547363281
1547109879664305602,0,114.109947205,-459.081573486
1547109879670851180,0,113.943901062,-459.184204102
1547109879678056835,0,113.943901062,-459.184204102
1547109879684141272,0,113.897445679,-458.889465332
1547109879690978156,0,114.063430786,-458.889465332
1547109879697680520,0,113.897445679,-458.157897949
1547109879704184324,0,114.016921997,-457.310516357
1547109879711099646,0,114.229522705,-457.310516357
1547109879718074833,0,114.229522705,-457.731567383
1547109879724182334,0,114.016921997,-460.128936768
1547109879730886281,0,114.255874634,-460.128936768
1547109879737602138,0,114.18296051,-463.763153076
1547109879744592714,0,114.255874634,-463.763153076
1547109879750799663,0,114.136398315,-467.744750977
1547109879757763752,0,114.255874634,-470.634216309
1547109879764361757,0,114.302482605,-470.634216309
1547109879771046774,0,114.302482605,-471.339477539
1547109879777616120,0,114.136398315,-471.463165283
1547109879784207645,0,114.18296051,-471.463165283
1547109879791216422,0,114.255874634,-472.042114258
1547109879797673192,0,114.255874634,-472.660522461
1547109879804403534,0,114.255874634,-472.660522461
1547109879811119255,0,114.255874634,-473.526306152
1547109879817717206,0,114.302482605,-473.526306152
1547109879824468657,0,114.422012329,-475.465789795
1547109879831018788,0,114.494827271,-475.465789795
1547109879837936927,0,114.494827271,-479.084197998
1547109879844691040,0,114.494827271,-485.292114258
1547109879850950586,0,114.780593872,-512.760498047
1547109879857483501,0,114.733772278,-512.760498047
1547109879864267485,0,114.733772278,-582.515808105
1547109879871046089,0,114.853248596,-582.515808105
1547109879877490656,0,115.019638062,-616.207885742
1547109879884174974,0,115.139167786,-621.799987793
1547109879890969559,0,115.092201233,-621.799987793
1547109879897563049,0,115.25869751,-628.860534668
1547109879904377329,0,115.186134338,-628.860534668
1547109879911029323,0,115.211677551,-639.118408203
1547109879917398894,0,115.25869751,-648.56842041
1547109879924331934,0,115.25869751,-648.56842041
1547109879931045954,0,115.092201233,-656.584228516
1547109879938121596,0,115.092201233,-662.04473877
1547109879944405296,0,115.211677551,-662.04473877
1547109879950845563,0,115.04523468,-664.75
1547109879958158107,0,115.019638062,-664.75
1547109879964417122,0,114.972724915,-666.365783691
1547109879970671405,0,114.972724915,-665.75
1547109879977664887,0,114.853248596,-663.365783691
1547109879985071237,0,114.853248596,-663.365783691
1547109879990974673,0,114.853248596,-659.584228516
1547109879997520820,0,114.900115967,-659.584228516
1547109880004182788,0,114.853248596,-654.884216309
1547109880011136866,0,114.853248596,-652.115783691
1547109880017459437,0,114.853248596,-652.115783691
1547109880024103820,0,114.853248596,-650.634216309
1547109880032000120,0,114.972724915,-650.634216309
1547109880037837767,0,114.972724915,-649.792114258
1547109880044127048,0,115.139167786,-650.213134766
1547109880051060335,0,114.972724915,-650.213134766
1547109880057788439,0,114.972724915,-652.997375488
1547109880064690698,0,115.139167786,-656.460510254
1547109880070828040,0,115.164665222,-656.460510254
1547109880077469624,0,115.211677551,-660.352661133
1547109880084578598,0,115.25869751,-660.352661133
1547109880090837719,0,115.33115387,-664.0
1547109880097833190,0,115.378219604,-669.06842041
1547109880104670763,0,115.497741699,-669.06842041
1547109880111033692,0,115.450630188,-674.081604004
1547109880118146647,0,115.425285339,-678.452636719
1547109880124359956,0,115.378219604,-678.452636719
1547109880130898839,0,115.378219604,-682.134216309
1547109880137434590,0,115.425285339,-683.923706055
1547109880144212842,0,115.378219604,-683.923706055
1547109880151248648,0,115.378219604,-685.410522461
1547109880157889869,0,115.66443634,-688.110534668
1547109880164945425,0,115.66443634,-688.110534668
1547109880170897769,0,115.78401947,-691.355285645
1547109880177751184,0,115.831230164,-691.355285645
1547109880184654172,0,115.831230164,-694.623657227
1547109880190821612,0,115.809051514,-698.118408203
1547109880198924525,0,115.975852966,-698.118408203
1547109880204563366,0,115.928527832,-703.142089844
1547109880210827220,0,115.856330872,-703.142089844
1547109880218229510,0,115.975852966,-710.781555176
1547109880224522373,0,115.928527832,-719.623657227
1547109880230956001,0,115.975852966,-719.623657227
1547109880237619837,0,116.023170471,-728.423706055
1547109880244023712,0,115.928527832,-732.563171387
1547109880250776609,0,115.856330872,-732.563171387
1547109880257716498,0,115.856330872,-731.923706055
1547109880264634700,0,115.856330872,-730.231567383
1547109880271145401,0,115.856330872,-730.231567383
1547109880277954068,0,115.903594971,-730.892089844
1547109880284243966,0,115.570098877,-730.892089844
1547109880291391414,0,115.689575195,-731.834228516
1547109880297399707,0,115.689575195,-732.015808105
1547109880304535678,0,115.903594971,-732.015808105
1547109880310981988,0,115.903594971,-729.45526123
1547109880317429306,0,115.928527832,-726.536865234
1547109880327400495,0,116.023170471,-726.536865234
1547109880331675293,0,116.023170471,-726.86315918
1547109880337529953,0,115.928527832,-726.86315918
1547109880344168985,0,116.095375061,-728.494750977
1547109880351310481,0,115.856330872,-729.515808105
1547109880357431119,0,115.809051514,-729.515808105
1547109880364484653,0,115.689575195,-728.728942871
1547109880371401863,0,115.570098877,-726.339477539
1547109880377670740,0,115.736793518,-726.339477539
1547109880384305022,0,115.809051514,-722.165771484
1547109880390940134,0,115.736793518,-717.905273438
1547109880397438084,0,115.736793518,-717.905273438
1547109880404318771,0,115.570098877,-716.139465332
1547109880411166511,0,115.809051514,-716.139465332
1547109880417729650,0,115.689575195,-716.421081543
1547109880424142584,0,115.809051514,-717.021057129
1547109880430835967,0,115.809051514,-717.021057129
1547109880438082167,0,115.809051514,-718.444763184
1547109880445126691,0,115.856330872,-720.192077637
1547109880451415730,0,116.095375061,-720.192077637
1547109880457953969,0,116.095375061,-722.105285645
1547109880464303609,0,115.761795044,-722.105285645
1547109880470813436,0,115.975852966,-724.665771484
1547109880477378222,0,115.928527832,-727.400024414
1547109880484509202,0,116.095375061,-727.400024414
1547109880491101795,0,115.928527832,-728.826293945
1547109880497498285,0,115.975852966,-730.43157959
1547109880504387712,0,115.928527832,-730.43157959
1547109880510980280,0,115.928527832,-733.610534668
1547109880517767185,0,116.095375061,-736.700012207
1547109880524124736,0,115.975852966,-736.700012207
1547109880530795240,0,115.928527832,-739.744750977
1547109880537496731,0,115.928527832,-739.744750977
1547109880544152599,0,115.881217957,-741.907897949
1547109880551453155,0,116.04800415,-743.152648926
1547109880557729862,0,116.04800415,-743.152648926
1547109880564043148,0,115.928527832,-743.334228516
1547109880570854380,0,115.928527832,-744.315795898
1547109880577432075,0,116.095375061,-744.315795898
1547109880584495518,0,116.095375061,-745.315795898
1547109880591071554,0,116.167480469,-747.494750977
1547109880597637383,0,116.214904785,-747.494750977
1547109880604870528,0,116.214904785,-750.478942871
1547109880610908621,0,116.167480469,-750.478942871
1547109880617885061,0,116.167480469,-753.605285645
1547109880624225416,0,116.167480469,-757.95526123
1547109880630705591,0,116.262321472,-757.95526123
1547109880637620221,0,116.286956787,-761.849975586
1547109880643989072,0,116.214904785,-764.678955078
1547109880650822199,0,116.286956787,-764.678955078
1547109880657566896,0,116.334434509,-767.357910156
1547109880664359787,0,116.334434509,-767.357910156
1547109880670827200,0,116.286956787,-769.900024414
1547109880677641797,0,116.501472473,-772.626342773
1547109880684008064,0,116.501472473,-772.626342773
1547109880690989553,0,116.286956787,-776.852661133
1547109880697684274,0,116.286956787,-781.765808105
1547109880704144115,0,116.334434509,-781.765808105
1547109880710982102,0,116.453956604,-786.060546875
1547109880718488977,0,116.406433105,-786.060546875
1547109880724682151,0,116.453956604,-790.192077637
1547109880730992410,0,116.693008423,-795.200012207
1547109880738017981,0,116.573478699,-795.200012207
1547109880744127443,0,116.645385742,-800.731567383
1547109880751056985,0,116.884338379,-807.026306152
1547109880757668868,0,116.812530518,-807.026306152
1547109880764584817,0,116.932060242,-814.710510254
1547109880770883967,0,116.884338379,-824.18157959
1547109880777439329,0,117.123291016,-824.18157959
1547109880784631373,0,117.171112061,-833.323669434
1547109880791003451,0,117.410163879,-833.323669434
1547109880797499402,0,117.481719971,-840.921081543
1547109880804208420,0,117.601196289,-849.976318359
1547109880810791605,0,117.888267517,-849.976318359
1547109880817808625,0,118.007797241,-885.244750977
1547109880824131934,0,118.127319336,-946.20526123
1547109880830997113,0,118.127319336,-946.20526123
1547109880838100122,0,118.079101562,-966.523681641
1547109880844953413,0,118.127319336,-972.939453125
1547109880850952100,0,117.840148926,-972.939453125
1547109880857489408,0,117.840148926,-974.692077637
1547109880864044840,0,117.888267517,-974.692077637
1547109880871143462,0,117.840148926,-973.365783691
1547109880877456406,0,117.720672607,-970.957885742
1547109880884714184,0,117.720672607,-970.957885742
1547109880891254288,0,117.601196289,-967.747375488
1547109880897551627,0,117.601196289,-963.855285645
1547109880904299106,0,117.529693604,-963.855285645
1547109880910888045,0,117.649215698,-961.218444824
1547109880917727028,0,117.720672607,-961.218444824
1547109880924045873,0,117.888267517,-960.281555176
1547109880930853829,0,118.104141235,-961.589477539
1547109880937626784,0,117.888267517,-961.589477539
1547109880944467322,0,117.720672607,-963.507873535
1547109880956408281,0,117.840148926,-965.278930664
1547109880957748517,0,117.888267517,-965.278930664
1547109880964388087,0,117.840148926,-965.860534668
1547109880970829937,0,117.888267517,-965.552612305
1547109880977511234,0,117.840148926,-965.552612305
1547109880984124624,0,117.888267517,-964.610534668
1547109880991092086,0,117.936386108,-964.610534668
1547109880999019718,0,117.840148926,-962.592102051
1547109881004037360,0,117.840148926,-960.339477539
1547109881010732613,0,117.672599792,-960.339477539
1547109881017921371,0,117.840148926,-958.802612305
1547109881024281827,0,117.840148926,-959.744750977
1547109881030882379,0,117.840148926,-959.744750977
1547109881037636808,0,117.792022705,-961.286865234
1547109881044558200,0,117.792022705,-962.371032715
1547109881050871924,0,117.888267517,-962.371032715
1547109881057502315,0,118.007797241,-963.349975586
1547109881064077063,0,117.888267517,-963.349975586
1547109881071158121,0,118.007797241,-963.905273438
1547109881077648016,0,117.888267517,-963.152648926
1547109881084090886,0,117.936386108,-963.152648926
1547109881090929905,0,117.959625244,-963.531555176
1547109881097455650,0,117.888267517,-964.621032715
1547109881104150223,0,118.007797241,-964.621032715
1547109881111057367,0,118.030883789,-965.507873535
1547109881117732342,0,118.127319336,-965.507873535
1547109881124971971,0,118.127319336,-967.123657227
1547109881131015134,0,118.246841431,-970.073669434
1547109881137645917,0,118.127319336,-970.073669434
1547109881144254726,0,118.079101562,-972.039489746
1547109881150960967,0,118.079101562,-972.965759277
1547109881157537499,0,118.127319336,-972.965759277
1547109881164694520,0,117.888267517,-972.560546875
1547109881170855013,0,118.007797241,-970.976318359
1547109881177447412,0,117.840148926,-970.976318359
1547109881184509215,0,117.816818237,-969.013183594
1547109881191407313,0,118.007797241,-969.013183594
1547109881197615192,0,117.840148926,-968.271057129
1547109881204245651,0,117.840148926,-969.463134766
1547109881210784017,0,118.127319336,-969.463134766
1547109881217369372,0,118.127319336,-972.671081543
1547109881224764341,0,118.127319336,-972.671081543
1547109881230934802,0,118.48589325,-976.876342773
1547109881237668646,0,118.557006836,-981.918395996
1547109881244444301,0,118.724952698,-981.918395996
1547109881250793691,0,119.203056335,-988.505249023
1547109881257557867,0,119.132156372,-995.184204102
1547109881264239591,0,119.273857117,-995.184204102
1547109881270882319,0,119.442108154,-1002.31054688
1547109881277759282,0,119.583404541,-1010.64733887
1547109881284189958,0,119.920211792,-1010.64733887
1547109881290955952,0,120.088768005,-1019.61315918
1547109881298032321,0,120.110191345,-1028.83679199
1547109881304376413,0,120.229667664,-1028.83679199
1547109881310815074,0,120.278793335,-1042.27368164
1547109881317780989,0,120.349143982,-1042.27368164
1547109881324225615,0,120.756896973,-1061.75524902
1547109881330814992,0,120.756896973,-1082.69213867
1547109881338671496,0,121.065986633,-1082.69213867
1547109881344524340,0,121.952156067,-1095.98156738
1547109881350933349,0,121.952156067,-1101.48425293
1547109881357506521,0,122.330192566,-1101.48425293
1547109881364365403,0,122.499702454,-1105.76318359
1547109881370857607,0,122.669311523,-1105.76318359
1547109881377537024,0,122.908370972,-1111.77368164
1547109881384098553,0,122.977607727,-1120.12109375
1547109881390833645,0,122.858131409,-1120.12109375
1547109881397647722,0,123.097084045,-1143.77099609
1547109881404560167,0,123.097084045,-1143.77099609
1547109881411067759,0,123.0467453,-1166.29467773
1547109881417735230,0,123.027893066,-1174.73156738
1547109881424163868,0,122.788841248,-1178.25268555
1547109881431081663,0,122.908370972,-1178.25268555
1547109881437502971,0,122.788841248,-1177.16052246
1547109881444261926,0,122.958595276,-1177.16052246
1547109881450921105,0,122.977607727,-1176.06054688
1547109881457565578,0,123.147415161,-1176.73950195
1547109881464560066,0,123.027893066,-1176.73950195
1547109881471290564,0,122.977607727,-1177.48681641
1547109881477456242,0,122.858131409,-1175.91845703
1547109881484493264,0,122.858131409,-1175.91845703
1547109881490962705,0,123.027893066,-1174.08679199
1547109881497445603,0,123.027893066,-1172.65783691
1547109881504423907,0,123.436904907,-1172.65783691
1547109881511422633,0,123.436904907,-1173.62634277
1547109881517706380,0,123.336036682,-1173.62634277
1547109881524389428,0,123.38646698,-1174.28161621
1547109881531152964,0,123.625518799,-1174.28161621
1547109881537382461,0,123.745040894,-1174.5526123
1547109881544395395,0,123.745040894,-1176.16320801
1547109881551019344,0,123.505996704,-1178.58679199
1547109881557500366,0,123.625518799,-1178.58679199
1547109881564298241,0,123.625518799,-1179.54467773
1547109881570857881,0,123.455513,-1179.54467773
1547109881577563066,0,123.436904907,-1180.36584473
1547109881584217229,0,123.625518799,-1179.43688965
1547109881591202308,0,123.915206909,-1179.43688965
1547109881597532501,0,123.813941956,-1179.27368164
1547109881604485424,0,124.103630066,-1180.90002441
1547109881611282728,0,124.223152161,-1180.90002441
1547109881617460137,0,124.411315918,-1183.22363281
1547109881624415359,0,124.718704224,-1183.22363281
1547109881632737676,0,125.298881531,-1186.43688965
1547109881637481572,0,125.298881531,-1191.27368164
1547109881644238164,0,125.350128174,-1191.27368164
1547109881650712079,0,125.059829712,-1195.69213867
1547109881657574742,0,124.940307617,-1197.18151855
1547109881664442508,0,124.462203979,-1197.18151855
1547109881670794865,0,124.411315918,-1195.03686523
1547109881677787753,0,124.223152161,-1195.03686523
1547109881684202905,0,124.2918396,-1191.71313477
1547109881690817575,0,124.462203979,-1189.61047363
1547109881697812353,0,124.940307617,-1189.61047363
1547109881704464112,0,125.418411255,-1190.41052246
1547109881710845820,0,125.72555542,-1194.65002441
1547109881717374371,0,125.828430176,-1194.65002441
1547109881724091373,0,125.589279175,-1199.92102051
1547109881735688810,0,124.530792236,-1201.58679199
1547109881737771952,0,124.530792236,-1201.58679199
1547109881744225038,0,123.864570618,-1196.13684082
1547109881750974834,0,123.38646698,-1196.13684082
1547109881757536941,0,123.197753906,-1186.12634277
1547109881764454617,0,123.147415161,-1176.83679199
1547109881770740660,0,122.788841248,-1176.83679199
1547109881778140314,0,122.788841248,-1170.18945312
1547109881784286160,0,122.669311523,-1170.18945312
1547109881791040072,0,122.619178772,-1164.84216309
1547109881797868800,0,122.858131409,-1162.10522461
1547109881804625934,0,122.977607727,-1162.10522461
1547109881811344111,0,123.097084045,-1161.53161621
1547109881817719926,0,122.977607727,-1162.6184082
1547109881824727163,0,122.977607727,-1162.6184082
1547109881830771117,0,123.027893066,-1163.42626953
1547109881837802978,0,122.908370972,-1163.42626953
1547109881844451038,0,123.027893066,-1162.25
1547109881850793748,0,123.147415161,-1161.12634277
1547109881857461036,0,123.455513,-1161.12634277
1547109881864375002,0,123.676048279,-1161.09741211
1547109881870748230,0,123.864570618,-1164.36315918
1547109881877464287,0,124.172363281,-1164.36315918
1547109881884036739,0,124.411315918,-1169.34216309
1547109881891048791,0,124.581733704,-1169.34216309
1547109881897565309,0,124.769744873,-1175.21313477
1547109881904392195,0,124.838127136,-1180.78161621
1547109881913207046,0,125.059829712,-1185.63952637
1547109881917458447,0,125.418411255,-1185.63952637
1547109881924093444,0,125.486602783,-1189.9342041
1547109881930810376,0,125.72555542,-1189.9342041
1547109881937285987,0,125.896514893,-1194.99206543
1547109881944055886,0,126.322921753,-1194.99206543
1547109881951192539,0,126.800827026,-1200.04467773
1547109881957583127,0,127.039779663,-1207.3026123
1547109881964336174,0,127.45035553,-1207.3026123
1547109881971625277,0,127.45035553,-1216.37365723
1547109881977781172,0,128.234542847,-1226.10522461
1547109881984196278,0,128.884674072,-1226.10522461
1547109881990958578,0,129.601837158,-1237.1842041
1547109881997425536,0,130.146148682,-1251.32373047
1547109882004490098,0,130.624053955,-1251.32373047
1547109882010920215,0,131.101959229,-1267.8815918
1547109882017374461,0,131.460388184,-1267.8815918
1547109882024231680,0,132.177246094,-1286.01574707
1547109882030999680,0,132.655151367,-1286.01574707
1547109882037784531,0,133.187606812,-1305.61047363
1547109882044549788,0,134.143814087,-1325.71057129
1547109882050972060,0,134.143814087,-1344.09472656
1547109882057397597,0,133.969390869,-1344.09472656
1547109882064068699,0,133.969390869,-1358.80786133
1547109882071024486,0,133.546173096,-1365.62365723
1547109882078026221,0,132.948547363,-1365.62365723
1547109882085403125,0,132.111877441,-1363.83679199
1547109882091666220,0,131.275192261,-1363.83679199
1547109882097488719,0,130.916625977,-1357.23425293
1547109882104661197,0,131.036132812,-1350.23156738
1547109882110819013,0,130.916625977,-1350.23156738
1547109882117457388,0,130.916625977,-1348.13952637
1547109882124243386,0,130.98248291,-1348.13952637
1547109882131007092,0,131.155670166,-1348.27368164
1547109882137410697,0,131.460388184,-1349.24475098
1547109882144160951,0,131.514251709,-1349.24475098
1547109882151808670,0,131.221435547,-1351.53942871
1547109882157483723,0,131.460388184,-1352.69995117
1547109882164320278,0,131.69934082,-1352.69995117
1547109882171051198,0,131.938293457,-1353.27636719
1547109882177703560,0,132.111877441,-1355.17370605
1547109882184492108,0,132.046401978,-1355.17370605
1547109882190937243,0,131.753295898,-1356.90002441
1547109882197383559,0,131.340911865,-1355.96582031
1547109882204316132,0,130.916625977,-1355.96582031
1547109882210877219,0,130.916625977,-1352.11584473
1547109882217542790,0,130.916625977,-1352.11584473
1547109882224349158,0,130.026672363,-1347.82373047
1547109882230919099,0,129.601837158,-1343.20788574
1547109882237403314,0,129.296142578,-1343.20788574
1547109882245332168,0,129.190353394,-1338.5
1547109882251275225,0,129.309814453,-1338.5
1547109882257694645,0,129.429290771,-1336.51843262
1547109882264212050,0,129.54876709,-1336.89733887
1547109882271031309,0,129.840881348,-1336.89733887
1547109882278067943,0,129.907196045,-1338.74731445
1547109882284194878,0,130.026672363,-1340.82629395
1547109882290822048,0,129.960403442,-1340.82629395
1547109882297520766,0,130.43850708,-1342.75268555
1547109882304472020,0,130.67755127,-1342.75268555
1547109882311066286,0,131.155670166,-1345.04736328
1547109882317845599,0,131.633758545,-1350.00524902
1547109882324940039,0,131.807250977,-1356.91577148
1547109882331060311,0,131.938293457,-1356.91577148
1547109882337440927,0,131.938293457,-1363.88684082
1547109882344131566,0,131.753295898,-1363.88684082
1547109882350849044,0,131.568084717,-1369.90002441
1547109882357467958,0,131.568084717,-1372.41320801
1547109882364029293,0,130.916625977,-1372.41320801
1547109882370655519,0,130.916625977,-1372.36315918
1547109882378151897,0,130.504577637,-1372.36315918
1547109882384002085,0,130.558044434,-1370.57104492
1547109882391157969,0,130.265625,-1368.59472656
1547109882397605237,0,130.331695557,-1368.59472656
1547109882404157564,0,130.624053955,-1367.82104492
1547109882411696840,0,130.850646973,-1368.92102051
1547109882417442100,0,130.916625977,-1368.92102051
1547109882424015971,0,130.809417725,-1371.71582031
1547109882430811338,0,131.036132812,-1371.71582031
1547109882437527696,0,131.089797974,-1375.46057129
1547109882444182759,0,130.558044434,-1377.79467773
1547109882451409143,0,130.43850708,-1377.79467773
1547109882457325830,0,129.787719727,-1377.40783691
1547109882464187952,0,129.190353394,-1374.03417969
1547109882470799284,0,128.592971802,-1374.03417969
1547109882477383540,0,128.473495483,-1367.89477539
1547109882484431980,0,128.354019165,-1362.27099609
1547109882491183025,0,128.28704834,-1362.27099609
1547109882497620623,0,128.406570435,-1359.61584473
1547109882506357506,0,128.592971802,-1359.61584473
1547109882510925370,0,128.71244812,-1358.68151855
1547109882517681578,0,128.71244812,-1359.39208984
1547109882524090436,0,128.884674072,-1359.39208984
1547109882530891524,0,128.884674072,-1359.94470215
1547109882537392476,0,129.070877075,-1359.26574707
1547109882544099793,0,129.309814453,-1359.26574707
1547109882550667100,0,129.309814453,-1359.50793457
1547109882557615212,0,129.54876709,-1359.50793457
1547109882564346473,0,129.668243408,-1361.61584473
1547109882570857929,0,129.668243408,-1364.72363281
1547109882577645166,0,129.840881348,-1364.72363281
1547109882584354156,0,129.960403442,-1368.09997559
1547109882590699099,0,129.787719727,-1373.54211426
1547109882597445049,0,129.54876709,-1373.54211426
1547109882604235471,0,129.123718262,-1379.50793457
1547109882611153808,0,128.406570435,-1379.50793457
1547109882617599320,0,127.637161255,-1382.34472656
1547109882626884680,0,127.039779663,-1378.1842041
1547109882631056773,0,126.56187439,-1378.1842041
1547109882637405599,0,126.135566711,-1368.79467773
1547109882644274248,0,125.606079102,-1360.0657959
1547109882651065418,0,124.820777893,-1360.0657959
1547109882658019940,0,124.820777893,-1352.82897949
1547109882669132384,0,124.462203979,-1346.22900391
1547109882670655687,0,124.530792236,-1346.22900391
1547109882677357568,0,124.530792236,-1341.50793457
1547109882684329194,0,124.769744873,-1341.50793457
1547109882691283963,0,125.00869751,-1340.20532227
1547109882697518788,0,125.247650146,-1341.26318359
1547109882704436858,0,125.606079102,-1341.26318359
1547109882710753647,0,125.845031738,-1343.46582031
1547109882719795862,0,125.964508057,-1346.63415527
1547109882724604595,0,126.135566711,-1346.63415527
1547109882730746275,0,126.494140625,-1348.72631836
1547109882737477255,0,126.494140625,-1348.72631836
1547109882744201520,0,126.800827026,-1349.84741211
1547109882750756460,0,127.226646423,-1350.96057129
1547109882757573465,0,127.704345703,-1350.96057129
1547109882764100712,0,128.28704834,-1353.27368164
1547109882770961946,0,128.645614624,-1357.9342041
1547109882777646543,0,129.070877075,-1357.9342041
1547109882784306432,0,129.070877075,-1361.69470215
1547109882791091599,0,129.415725708,-1363.67102051
1547109882797451741,0,129.54876709,-1363.67102051
1547109882804065295,0,129.601837158,-1364.41052246
1547109882810769338,0,129.840881348,-1364.41052246
1547109882817509602,0,130.09286499,-1364.42102051
1547109882824529447,0,130.558044434,-1365.0657959
1547109882830925306,0,130.743530273,-1365.0657959
1547109882837483105,0,131.101959229,-1367.94213867
1547109882844056141,0,131.514251709,-1372.16052246
1547109882850815684,0,131.938293457,-1372.16052246
1547109882857608961,0,132.76385498,-1376.5526123
1547109882864633526,0,133.068084717,-1380.72363281
1547109882871299471,0,133.42666626,-1380.72363281
1547109882877676017,0,133.546173096,-1386.60522461
1547109882884138734,0,133.491485596,-1386.60522461
1547109882891122492,0,133.610961914,-1391.41577148
1547109882897425232,0,133.849914551,-1393.3815918
1547109882904123422,0,133.969390869,-1393.3815918
1547109882910785874,0,134.143814087,-1395.85791016
1547109882917360528,0,134.566772461,-1399.03161621
1547109882924588847,0,134.925186157,-1399.03161621
1547109882931028179,0,135.347579956,-1403.21838379
1547109882937536657,0,135.880996704,-1403.21838379
1547109882944323887,0,135.880996704,-1409.13415527
1547109882950734283,0,136.717330933,-1415.62890625
1547109882957384615,0,136.717330933,-1415.62890625
1547109882964501913,0,137.251495361,-1422.8684082
1547109882970995734,0,137.553649902,-1433.14477539
1547109882977650329,0,137.673126221,-1433.14477539
1547109882984542790,0,137.553649902,-1433.14477539
1547109882990778845,0,137.434173584,-1464.83154297
1547109882997594517,0,136.892913818,-1464.83154297
1547109883004203361,0,136.239425659,-1475.05786133
1547109883010762241,0,135.880996704,-1475.05786133
1547109883017435730,0,135.817184448,-1476.01318359
1547109883024520928,0,135.761520386,-1472.95788574
1547109883036160482,0,135.880996704,-1472.95788574
1547109883038025596,0,135.761520386,-1472.52099609
1547109883044316516,0,135.817184448,-1474.11315918
1547109883050885047,0,135.992431641,-1474.11315918
1547109883057379624,0,135.817184448,-1476.09997559
1547109883063968377,0,135.936706543,-1476.09997559
1547109883071128973,0,135.817184448,-1478.75268555
1547109883077624548,0,135.283615112,-1480.39733887
1547109883084007739,0,134.621917725,-1480.39733887
1547109883090955608,0,133.969390869,-1477.5526123
1547109883097566339,0,133.133056641,-1470.05786133
1547109883104148883,0,133.197906494,-1470.05786133
1547109883110795735,0,133.491485596,-1464.13684082
1547109883117395151,0,133.372009277,-1462.17895508
1547109883124407107,0,133.372009277,-1462.17895508
1547109883130966051,0,132.894104004,-1462.48156738
1547109883137837481,0,132.470458984,-1462.48156738
1547109883145261243,0,132.285552979,-1461.22631836
1547109883150971297,0,132.111877441,-1456.96057129
1547109883157395731,0,131.938293457,-1456.96057129
1547109883164115238,0,132.057769775,-1453.39733887
1547109883170726717,0,132.470458984,-1452.56054688
1547109883177411458,0,132.829040527,-1452.56054688
1547109883184130667,0,133.133056641,-1454.63415527
1547109883190796737,0,133.133056641,-1454.63415527
1547109883197418774,0,133.307128906,-1457.30529785
1547109883204559043,0,133.307128906,-1457.09997559
1547109883210979982,0,133.187606812,-1457.09997559
1547109883217465971,0,133.013580322,-1456.06848145
1547109883224190579,0,132.350921631,-1454.51049805
1547109883230899428,0,132.350921631,-1454.51049805
1547109883237979362,0,131.101959229,-1450.55004883
1547109883245147672,0,130.265625,-1442.3157959
1547109883251075222,0,129.654876709,-1442.3157959
1547109883257542185,0,128.406570435,-1430.79736328
1547109883264160501,0,127.637161255,-1430.79736328
1547109883270866439,0,126.972251892,-1420.9473877
1547109883277688437,0,126.494140625,-1411.14733887
1547109883284321257,0,125.964508057,-1411.14733887
1547109883290668256,0,125.537940979,-1402.03417969
1547109883297480037,0,124.940307617,-1394.79467773
1547109883304496515,0,124.2918396,-1394.79467773
1547109883310814987,0,123.694465637,-1387.64208984
1547109883317627568,0,122.73865509,-1378.17895508
1547109883324178987,0,122.141273499,-1378.17895508
1547109883330870324,0,121.424415588,-1367.75
1547109883337478324,0,120.517845154,-1367.75
1547109883345653270,0,119.681159973,-1356.65783691
1547109883350910829,0,118.724952698,-1344.00524902
1547109883357285553,0,117.720672607,-1344.00524902
1547109883364017332,0,116.812530518,-1329.12365723
1547109883370740088,0,116.04800415,-1314.79467773
1547109883378082238,0,115.211677551,-1314.79467773
1547109883384794647,0,113.824378967,-1299.83422852
1547109883390875367,0,113.824378967,-1299.83422852
1547109883397488695,0,112.390068054,-1285.15783691
1547109883404186889,0,112.390068054,-1270.8157959
1547109883410830735,0,111.553390503,-1270.8157959
1547109883417433141,0,109.521438599,-1256.29467773
1547109883424005541,0,108.118553162,-1239.32629395
1547109883430858350,0,106.56602478,-1239.32629395
1547109883437499499,0,104.697799683,-1216.89477539
1547109883444376525,0,102.547241211,-1187.53942871
1547109883450792703,0,99.8781967163,-1187.53942871
1547109883457532910,0,97.2496795654,-1148.75
1547109883464064833,0,94.4228820801,-1148.75
1547109883471023428,0,91.9138946533,-1099.36584473
1547109883477797986,0,90.0386810303,-1044.65002441
1547109883484311058,0,88.2814483643,-1044.65002441
1547109883491016959,0,86.5374832153,-991.147338867
1547109883497519181,0,85.0185928345,-940.194763184
1547109883504237699,0,83.6363220215,-940.194763184
1547109883510825216,0,82.1168746948,-885.081604004
1547109883517577396,0,80.476600647,-885.081604004
1547109883524673410,0,78.803237915,-821.942077637
1547109883530724012,0,75.1872787476,-754.150024414
1547109883538158541,0,75.1872787476,-754.150024414
1547109883545390455,0,101.710906982,-681.75
1547109883551687598,0,108.684768677,-616.713134766
1547109883557615539,0,108.52104187,-616.713134766
1547109883564027611,0,108.131126404,-558.586853027
1547109883571063086,0,108.131126404,-558.586853027
1547109883577593744,0,107.163162231,-510.976318359
1547109883584133116,0,106.652816772,-477.305267334
1547109883591205822,0,106.217903137,-477.305267334
1547109883597579235,0,105.696601868,-414.494750977
1547109883604055959,0,105.21849823,-317.052642822
1547109883610797822,0,104.740402222,-317.052642822
1547109883617493506,0,104.262290955,-267.063171387
1547109883624250540,0,103.903717041,-252.04473877
1547109883630721044,0,103.467651367,-252.04473877
1547109883637443754,0,103.06703186,-248.531585693
1547109883644065289,0,102.708457947,-248.531585693
1547109883650961883,0,102.308288574,-241.715789795
1547109883657384771,0,101.99130249,-230.657897949
1547109883664217171,0,101.471961975,-230.657897949
1547109883670960323,0,101.352485657,-207.231582642
1547109883677829254,0,100.994056702,-155.93157959
1547109883684112544,0,100.676513672,-155.93157959
1547109883690848366,0,100.39667511,-92.1105270386
1547109883698142288,0,100.038246155,-92.1105270386
1547109883704127886,0,99.5603408813,-57.1500015259
1547109883710740055,0,99.600769043,-33.281578064
1547109883718539851,0,99.440864563,-33.281578064
1547109883724221452,0,99.2422027588,-11.628947258
1547109883730981874,0,99.2422027588,-0.0763157904148
1547109883738066989,0,99.2810668945,-0.0763157904148
1547109883744574607,0,99.3213882446,26.2999992371
1547109883750799930,0,99.2422027588,46.6289482117
1547109883760167684,0,99.2019195557,46.6289482117
1547109883764301373,0,99.2019195557,49.8763160706
1547109883771465305,0,99.2422027588,49.8763160706
1547109883777564620,0,99.0422134399,47.6447372437
1547109883784733999,0,99.2422027588,44.9131584167
1547109883790799177,0,99.2422027588,44.9131584167
1547109883797591691,0,99.1226654053,43.3026313782
1547109883804194909,0,99.0824432373,42.2289466858
1547109883810858177,0,99.0824432373,42.2289466858
1547109883818190105,0,99.0824432373,41.5605278015
1547109883827444335,0,99.1226654053,41.5605278015
1547109883830970360,0,99.2422027588,40.9526329041
1547109883837609443,0,99.0422134399,40.6447372437
1547109883844086431,0,99.0824432373,40.6447372437
1547109883851390424,0,99.1226654053,39.9921035767
1547109883858014269,0,99.2019195557,39.4210510254
1547109883864140337,0,99.0824432373,39.4210510254
1547109883870857116,0,99.1226654053,38.7210540771
1547109883877619330,0,99.0824432373,38.7210540771
1547109883884424990,0,99.1226654053,38.5578956604
1547109883891170414,0,99.1226654053,38.7078933716
1547109883897568794,0,98.9227905273,38.5131568909
1547109883904213137,0,99.2019195557,38.5131568909
1547109883911238626,0,99.162902832,38.5131568909
1547109883917826371,0,99.0824432373,37.9973678589
1547109883924219124,0,99.2019195557,37.7552642822
1547109883931136878,0,99.1226654053,37.7552642822
1547109883937710389,0,99.0824432373,37.6342086792
1547109883944502035,0,98.9227905273,37.3263168335
1547109883950906170,0,99.2019195557,37.3263168335
1547109883957603754,0,99.0422134399,36.6973686218
1547109883964318619,0,99.0824432373,36.2578964233
1547109883970837347,0,99.0031433105,36.2578964233
1547109883977419159,0,99.0422134399,36.4736824036
1547109883984332030,0,99.2019195557,36.3447380066
1547109883990857306,0,99.0824432373,36.3447380066
1547109883997493375,0,99.2422027588,36.2052650452
1547109884004164905,0,99.2422027588,36.2052650452
1547109884010754334,0,99.1226654053,35.9789466858
1547109884017579665,0,99.1226654053,36.4289474487
1547109884024857063,0,99.1226654053,36.4289474487
1547109884031061003,0,99.2422027588,36.2052650452
1547109884037903898,0,99.1226654053,36.2052650452
1547109884044515089,0,99.0824432373,35.8868408203
1547109884050751348,0,99.162902832,35.9105262756
1547109884057483700,0,99.162902832,35.8684196472
1547109884064472520,0,99.2019195557,35.8684196472
1547109884070813123,0,99.162902832,35.7894744873
1547109884077376405,0,99.0824432373,35.7894744873
1547109884084375770,0,99.2422027588,35.3842086792
1547109884090706008,0,99.2019195557,35.0973701477
1547109884102218537,0,99.0824432373,35.0973701477
1547109884105035210,0,99.1226654053,35.3921051025
1547109884110981388,0,99.1226654053,35.1552619934
1547109884117839955,0,99.1226654053,35.1552619934
1547109884124419422,0,99.0824432373,35.1605262756
1547109884130666273,0,99.1226654053,35.1605262756
1547109884138046414,0,99.0824432373,35.0368423462
1547109884144314727,0,99.2422027588,34.9447364807
1547109884150781895,0,99.2019195557,34.9447364807
1547109884158126609,0,99.2019195557,34.7868423462
1547109884164323046,0,99.1226654053,34.7868423462
1547109884171400514,0,99.1226654053,35.0078964233
1547109884177509259,0,99.1226654053,35.1052627563
1547109884184138156,0,99.2019195557,35.015789032
1547109884191043517,0,99.1226654053,35.015789032
1547109884197499582,0,99.162902832,34.8131561279
1547109884204205195,0,99.1226654053,34.8131561279
1547109884211293995,0,99.1616363525,34.8578948975
1547109884217550079,0,99.2019195557,34.8052635193
1547109884224242641,0,99.2824707031,34.8052635193
1547109884231094326,0,99.2422027588,34.5710525513
1547109884238122290,0,99.1226654053,34.5710525513
1547109884244433282,0,99.0824432373,34.3921051025
1547109884250832017,0,99.1226654053,34.2473678589
1547109884257912732,0,99.2422027588,34.2473678589
1547109884264395183,0,99.0824432373,34.6552619934
1547109884271028853,0,99.0824432373,34.7000007629
1547109884277633650,0,99.0824432373,34.7000007629
1547109884284716184,0,99.1226654053,34.5921058655
1547109884290924447,0,99.1226654053,34.5921058655
1547109884297462439,0,99.2422027588,34.1789474487
1547109884304618255,0,99.1226654053,34.2289466858
1547109884310854303,0,99.0824432373,34.2289466858
1547109884317554748,0,99.0824432373,33.8657913208
1547109884324187382,0,99.2019195557,33.5999984741
1547109884331059769,0,99.2019195557,33.5999984741
1547109884337766778,0,99.0824432373,33.5789489746
1547109884345592431,0,99.1226654053,33.7631568909
1547109884351026657,0,99.1226654053,33.7631568909
1547109884357451324,0,99.2422027588,33.718421936
1547109884364138928,0,99.2422027588,33.718421936
1547109884370767315,0,99.2019195557,33.4500007629
1547109884377931677,0,99.1226654053,33.7289466858
1547109884384085994,0,99.0824432373,33.7289466858
1547109884390844406,0,99.2422027588,33.6947364807
1547109884397530875,0,99.2824707031,33.8342094421
1547109884405129146,0,99.1226654053,33.8342094421
1547109884411054106,0,99.0422134399,33.831577301
1547109884417483341,0,99.2422027588,33.831577301
1547109884424385813,0,99.2422027588,33.6868438721
1547109884430927210,0,99.2422027588,33.3710517883
1547109884437353810,0,99.2422027588,33.3710517883
1547109884445326299,0,99.2422027588,33.4105262756
1547109884451687630,0,99.2422027588,33.6210517883
1547109884457708551,0,99.2422027588,33.6210517883
1547109884464011306,0,99.1226654053,33.4710540771
1547109884472516990,0,99.2019195557,33.4710540771
1547109884477486751,0,99.2422027588,33.0973701477
1547109884484165509,0,99.0824432373,33.1789474487
1547109884490764952,0,99.2019195557,33.1789474487
1547109884497355794,0,99.0824432373,33.2526321411
1547109884504360309,0,99.2422027588,33.5184211731
1547109884510782296,0,99.2019195557,33.5184211731
1547109884517861606,0,99.2019195557,33.4447364807
1547109884524365779,0,99.2019195557,32.968421936
1547109884530942582,0,99.162902832,32.968421936
1547109884537386214,0,99.0824432373,33.0026321411
1547109884544502463,0,99.1226654053,33.0026321411
1547109884550960121,0,99.2019195557,33.1894721985
1547109884558701500,0,99.2422027588,33.1105270386
1547109884564585085,0,99.2422027588,33.1105270386
1547109884571952948,0,99.2824707031,33.265789032
1547109884577544186,0,99.2824707031,33.2157897949
1547109884584244646,0,99.0824432373,33.2157897949
1547109884591050553,0,99.0824432373,32.7000007629
1547109884597778729,0,99.162902832,32.7000007629
1547109884604055838,0,99.1226654053,32.6184196472
1547109884610964878,0,99.2422027588,32.6421051025
1547109884617624409,0,99.2019195557,32.6421051025
1547109884624316567,0,99.3617248535,32.9500007629
1547109884630954138,0,99.2422027588,32.9500007629
1547109884639655433,0,99.162902832,32.6210517883
1547109884644697006,0,99.2422027588,32.9000015259
1547109884650713562,0,99.2422027588,32.9000015259
1547109884657643182,0,99.2019195557,33.1184196472
1547109884664155916,0,99.2422027588,32.9868431091
1547109884670715149,0,99.2019195557,32.9868431091
1547109884677332144,0,99.2422027588,32.5973701477
1547109884684131693,0,99.2019195557,32.8736839294
1547109884690956203,0,99.2019195557,32.8736839294
1547109884697903028,0,99.2019195557,32.7210540771
1547109884704164965,0,99.2422027588,32.7526321411
1547109884711306865,0,99.2019195557,32.7526321411
1547109884717601368,0,99.2019195557,32.7236824036
1547109884724224128,0,99.1226654053,32.7236824036
1547109884730694872,0,99.2019195557,32.7842102051
1547109884737883270,0,99.2019195557,32.5
1547109884744719659,0,99.2824707031,32.5
1547109884751322225,0,99.2824707031,32.5105247498
1547109884758040200,0,99.2422027588,32.5105247498
1547109884764278908,0,99.3213882446,32.5605278015
1547109884770723288,0,99.2019195557,32.668422699
1547109884777548125,0,99.2422027588,32.668422699
1547109884784362092,0,99.3617248535,32.8289489746
1547109884791217713,0,99.2422027588,32.6631584167
1547109884797626830,0,99.2422027588,32.6631584167
1547109884804335762,0,99.402053833,32.7894744873
1547109884811885860,0,99.3213882446,32.6736831665
1547109884817690419,0,99.2422027588,32.6736831665
1547109884824193065,0,99.2019195557,32.3105278015
1547109884831000591,0,99.2422027588,32.3105278015
1547109884837313419,0,99.3213882446,32.5684204102
1547109884843947056,0,99.3213882446,32.5894737244
1547109884851103556,0,99.2019195557,32.5894737244
1547109884857504628,0,99.3213882446,32.1736831665
1547109884864354864,0,99.2019195557,32.3342094421
1547109884870846877,0,99.3213882446,32.3342094421
1547109884877603705,0,99.3213882446,32.4394721985
1547109884884092253,0,99.2019195557,32.6868438721
1547109884891017669,0,99.2019195557,32.6868438721
1547109884897473704,0,99.3213882446,32.4526329041
1547109884904025956,0,99.2019195557,32.4526329041
1547109884910714114,0,99.3213882446,32.565788269
1547109884917369196,0,99.3617248535,32.3421058655
1547109884924133140,0,99.3213882446,32.3421058655
1547109884931193558,0,99.3617248535,32.331577301
1547109884937544227,0,99.3617248535,32.2368431091
1547109884944497401,0,99.402053833,32.2368431091
1547109884951105299,0,99.3213882446,32.3947372437
1547109884958139922,0,99.3213882446,32.3947372437
1547109884964565818,0,99.2019195557,32.5763168335
1547109884970787091,0,99.3213882446,32.3894729614
1547109884977561882,0,99.3617248535,32.3894729614
1547109884984565930,0,99.2019195557,32.2789459229
1547109884992924195,0,99.3213882446,32.1210517883
1547109884997624465,0,99.2422027588,32.1210517883
1547109885004153520,0,99.2422027588,32.3105278015
1547109885010800580,0,99.3213882446,32.3105278015
1547109885017678126,0,99.3213882446,32.4657897949
1547109885024471387,0,99.2810668945,32.2131576538
1547109885030905783,0,99.3213882446,32.2131576538
1547109885037666891,0,99.3213882446,31.757894516
1547109885044218593,0,99.3213882446,32.0131568909
1547109885050785132,0,99.3617248535,32.0131568909
1547109885057621236,0,99.3617248535,32.3236846924
1547109885064165849,0,99.4812469482,32.0999984741
1547109885071055138,0,99.3617248535,32.0999984741
1547109885077418082,0,99.3617248535,31.9026317596
1547109885084569731,0,99.2422027588,31.9026317596
1547109885090786944,0,99.3617248535,31.9578952789
1547109885097670637,0,99.3617248535,32.1578941345
1547109885104780329,0,99.3213882446,32.1578941345
1547109885110886527,0,99.4423828125,32.0078964233
1547109885117550093,0,99.3213882446,31.8763160706
1547109885124529708,0,99.3213882446,31.8763160706
1547109885130782493,0,99.402053833,32.031578064
1547109885137589888,0,99.3617248535,31.9315795898
1547109885144631124,0,99.4812469482,31.9315795898
1547109885150830945,0,99.3213882446,31.8947372437
1547109885157563501,0,99.4812469482,31.8947372437
1547109885164308166,0,99.4812469482,32.0499992371
1547109885170913928,0,99.3617248535,31.8105258942
1547109885177637955,0,99.3617248535,31.8105258942
1547109885184450396,0,99.402053833,31.6868419647
1547109885190811871,0,99.3617248535,31.8815784454
1547109885197390461,0,99.3213882446,31.8815784454
1547109885204349593,0,99.5216217041,32.2894744873
1547109885211093686,0,99.3213882446,32.2894744873
1547109885217833209,0,99.5216217041,31.7605266571
1547109885224250376,0,99.3617248535,31.8342113495
1547109885231219780,0,99.3213882446,31.8342113495
1547109885237599715,0,99.3213882446,32.0210533142
1547109885244328465,0,99.3213882446,31.781578064
1547109885250929455,0,99.3213882446,31.781578064
1547109885257771758,0,99.402053833,31.6157894135
1547109885264289470,0,99.3213882446,31.8684215546
1547109885270785025,0,99.440864563,31.8684215546
1547109885277499290,0,99.3617248535,32.0394744873
1547109885284284445,0,99.3617248535,32.0394744873
1547109885290728866,0,99.3213882446,31.8736839294
1547109885297538856,0,99.440864563,31.75
1547109885304568494,0,99.3617248535,31.75
1547109885311400682,0,99.4812469482,31.7894744873
1547109885317622830,0,99.4812469482,31.8710517883
1547109885324865652,0,99.4812469482,31.8710517883
1547109885330888516,0,99.3213882446,31.7026309967
1547109885337479918,0,99.3617248535,31.7026309967
1547109885344387343,0,99.3617248535,32.0631561279
1547109885350905459,0,99.4812469482,31.8421058655
1547109885357532427,0,99.4812469482,31.8421058655
1547109885364898599,0,99.3617248535,31.3526325226
1547109885370770935,0,99.440864563,31.1868419647
1547109885377689133,0,99.2810668945,31.1868419647
1547109885384457259,0,99.3213882446,31.3368415833
1547109885390675263,0,99.4812469482,31.6526317596
1547109885399362294,0,99.440864563,31.6526317596
1547109885404763475,0,99.3617248535,31.6868419647
1547109885411077190,0,99.3617248535,31.6868419647
1547109885417525284,0,99.3617248535,31.4105262756
1547109885424668398,0,99.3213882446,31.4500007629
1547109885430866623,0,99.4812469482,31.4500007629
1547109885437463022,0,99.440864563,31.5026321411
1547109885444130384,0,99.3617248535,31.742105484
1547109885451023710,0,99.3617248535,31.742105484
1547109885461503201,0,99.3617248535,31.7631587982
1547109885464015788,0,99.3617248535,31.7631587982
1547109885470878179,0,99.3617248535,31.6052627563
1547109885477543611,0,99.3617248535,31.4026317596
1547109885484473344,0,99.3617248535,31.4026317596
1547109885490673162,0,99.3617248535,31.5552635193
1547109885497371582,0,99.3213882446,31.5026321411
1547109885504363481,0,99.3213882446,31.5026321411
1547109885511164536,0,99.4812469482,31.273683548
1547109885517422412,0,99.3213882446,31.5394744873
1547109885524467611,0,99.4812469482,31.5394744873
1547109885530961400,0,99.5216217041,31.6236839294
1547109885552334439,0,99.3213882446,31.6236839294
1547109885552358202,0,99.3213882446,31.7763156891
1547109885552454070,0,99.3213882446,31.6710529327
1547109885557748472,0,99.3213882446,31.6710529327
1547109885564165138,0,99.3617248535,31.5
1547109885570992663,0,99.3617248535,31.3236846924
1547109885584139023,0,99.440864563,31.3236846924
1547109885584490545,0,99.3213882446,31.5921058655
1547109885590877115,0,99.4812469482,31.6131572723
